lineup_id,lineup,game_in_lineup,global_game_id,seed,has_winner,winner_color,winner_agent,num_turns,game_duration_s,vp_std,vp_min,vp_max,vp_range,vp_gini,prod_gini_final,prod_max_min_ratio,turns_until_equalized
0,"R,R,R",0,1,1,1,ORANGE,R,446,0.016919,2.94392,3,10,7,0.259259,0.083333,1.466667,-1
0,"R,R,R",1,2,2,1,RED,R,385,0.015504,2.494438,4,10,6,0.2,0.275556,3.214286,-1
0,"R,R,R",2,3,3,1,RED,R,271,0.010309,3.399346,3,11,8,0.280702,0.191919,2.357143,-1
0,"R,R,R",3,4,4,1,BLUE,R,299,0.009473,2.828427,4,10,6,0.222222,0.054422,1.285714,-1
0,"R,R,R",4,5,5,1,RED,R,381,0.013635,3.299832,2,10,8,0.280702,0.464135,56.0,-1
0,"R,R,R",5,6,6,1,RED,R,296,0.010194,2.494438,4,10,6,0.2,0.373016,7.714286,-1
0,"R,R,R",6,7,7,1,BLUE,R,211,0.010273,3.091206,3,10,7,0.27451,0.407843,7.5,-1
0,"R,R,R",7,8,8,1,RED,R,292,0.012993,3.299832,2,10,8,0.280702,0.27193,7.2,-1
0,"R,R,R",8,9,9,1,ORANGE,R,212,0.007874,3.265986,2,10,8,0.296296,0.275862,4.428571,-1
0,"R,R,R",9,10,10,1,BLUE,R,441,0.018332,1.414214,7,10,3,0.083333,0.051282,1.259259,-1
0,"R,R,R",10,11,11,1,RED,R,168,0.008765,3.771236,2,10,8,0.380952,0.429224,8.833333,-1
0,"R,R,R",11,12,12,1,ORANGE,R,215,0.007661,3.091206,3,10,7,0.27451,0.31746,4.0,-1
0,"R,R,R",12,13,13,1,ORANGE,R,230,0.012187,3.741657,2,11,9,0.285714,0.336088,5.357143,-1
0,"R,R,R",13,14,14,1,RED,R,394,0.014242,3.299832,2,10,8,0.313725,0.28,4.5,-1
0,"R,R,R",14,15,15,1,ORANGE,R,356,0.012326,3.399346,2,10,8,0.266667,0.410774,8.625,-1
0,"R,R,R",15,16,16,1,RED,R,357,0.013243,3.399346,2,10,8,0.266667,0.19883,3.125,-1
0,"R,R,R",16,17,17,1,BLUE,R,296,0.010669,3.399346,2,10,8,0.333333,0.219178,3.0,-1
0,"R,R,R",17,18,18,1,ORANGE,R,608,0.022498,0.816497,8,10,2,0.049383,0.146789,2.0,-1
0,"R,R,R",18,19,19,1,ORANGE,R,322,0.01499,2.160247,5,10,5,0.15873,0.08805,1.482759,-1
0,"R,R,R",19,20,20,1,BLUE,R,294,0.010963,3.559026,2,10,8,0.355556,0.366667,7.6,-1
0,"R,R,R",20,21,21,1,RED,R,202,0.010393,2.494438,4,10,6,0.2,0.065476,1.366667,-1
0,"R,R,R",21,22,22,1,RED,R,259,0.009603,2.867442,3,10,7,0.233333,0.297101,4.153846,-1
0,"R,R,R",22,23,23,1,BLUE,R,166,0.00603,3.265986,2,10,8,0.296296,0.270042,3.133333,-1
0,"R,R,R",23,24,24,1,ORANGE,R,208,0.008297,3.858612,2,11,9,0.352941,0.264368,3.555556,-1
0,"R,R,R",24,25,25,1,RED,R,140,0.005974,3.771236,2,10,8,0.380952,0.34188,6.0,-1
0,"R,R,R",25,26,26,1,BLUE,R,228,0.008934,3.399346,2,10,8,0.333333,0.241546,3.5,-1
0,"R,R,R",26,27,27,1,BLUE,R,323,0.012676,3.559026,2,10,8,0.355556,0.413793,7.0,-1
0,"R,R,R",27,28,28,1,BLUE,R,309,0.012512,3.681787,2,11,9,0.315789,0.128205,1.833333,-1
0,"R,R,R",28,29,29,1,BLUE,R,210,0.010567,3.091206,3,10,7,0.27451,0.152778,2.157895,-1
0,"R,R,R",29,30,30,1,RED,R,330,0.015137,3.858612,2,11,9,0.352941,0.333333,4.285714,-1
0,"R,R,R",30,31,31,1,BLUE,R,203,0.011166,3.299832,2,10,8,0.280702,0.309524,5.727273,-1
0,"R,R,R",31,32,32,1,RED,R,241,0.010152,3.559026,2,10,8,0.253968,0.387755,7.333333,-1
0,"R,R,R",32,33,33,1,RED,R,482,0.015791,1.699673,6,10,4,0.115942,0.352941,5.090909,-1
0,"R,R,R",33,34,34,1,ORANGE,R,280,0.011047,4.027682,2,11,9,0.375,0.390805,5.857143,-1
0,"R,R,R",34,35,35,1,RED,R,96,0.006546,3.091206,3,10,7,0.27451,0.290598,5.636364,-1
0,"R,R,R",35,36,36,1,ORANGE,R,105,0.006119,3.091206,3,10,7,0.27451,0.416667,6.5,-1
0,"R,R,R",36,37,37,1,BLUE,R,408,0.016684,2.054805,5,10,5,0.151515,0.224561,3.666667,-1
0,"R,R,R",37,38,38,1,RED,R,219,0.01052,2.94392,3,10,7,0.259259,0.38835,5.615385,-1
0,"R,R,R",38,39,39,1,ORANGE,R,492,0.017546,2.494438,4,10,6,0.181818,0.277056,3.909091,-1
0,"R,R,R",39,40,40,1,BLUE,R,223,0.00996,3.299832,2,10,8,0.313725,0.391111,9.8,-1
0,"R,R,R",40,41,41,1,BLUE,R,370,0.015847,2.054805,5,10,5,0.151515,0.270042,3.133333,-1
0,"R,R,R",41,42,42,1,RED,R,212,0.010486,3.265986,2,10,8,0.296296,0.255319,3.571429,-1
0,"R,R,R",42,43,43,1,RED,R,388,0.014889,1.885618,6,10,4,0.121212,0.304965,4.909091,-1
0,"R,R,R",43,44,44,1,RED,R,185,0.009551,2.867442,3,10,7,0.233333,0.330275,4.6,-1
0,"R,R,R",44,45,45,1,BLUE,R,187,0.009552,2.357023,5,10,5,0.166667,0.378378,5.5,-1
0,"R,R,R",45,46,46,1,RED,R,385,0.014704,2.160247,5,10,5,0.15873,0.206897,3.454545,-1
0,"R,R,R",46,47,47,1,ORANGE,R,366,0.015926,3.091206,3,10,7,0.212121,0.329218,6.714286,-1
0,"R,R,R",47,48,48,1,BLUE,R,308,0.012963,2.867442,3,10,7,0.245614,0.152381,1.888889,-1
0,"R,R,R",48,49,49,1,RED,R,532,0.01508,3.559026,2,10,8,0.355556,0.42963,8.25,-1
0,"R,R,R",49,50,50,1,ORANGE,R,413,0.012994,2.624669,4,10,6,0.210526,0.283105,3.384615,-1
1,"GREEDY,R,R",0,51,1,1,RED,GREEDY,121,0.006737,2.94392,3,10,7,0.259259,0.411458,6.266667,-1
1,"GREEDY,R,R",1,52,2,1,BLUE,R,477,0.020837,2.44949,4,10,6,0.190476,0.068376,1.380952,-1
1,"GREEDY,R,R",2,53,3,1,BLUE,R,555,0.016572,3.091206,3,10,7,0.27451,0.367521,5.777778,-1
1,"GREEDY,R,R",3,54,4,1,RED,GREEDY,157,0.006938,3.399346,2,10,8,0.333333,0.462462,9.555556,-1
1,"GREEDY,R,R",4,55,5,1,BLUE,R,401,0.014172,2.828427,4,10,6,0.222222,0.325333,13.2,-1
1,"GREEDY,R,R",5,56,6,1,RED,GREEDY,122,0.005783,3.771236,2,10,8,0.380952,0.474359,11.571429,-1
1,"GREEDY,R,R",6,57,7,1,RED,GREEDY,125,0.005701,3.771236,2,10,8,0.380952,0.506667,16.2,-1
1,"GREEDY,R,R",7,58,8,1,ORANGE,R,933,0.030659,3.559026,2,10,8,0.355556,0.235294,3.571429,-1
1,"GREEDY,R,R",8,59,9,1,BLUE,R,313,0.013606,2.494438,4,10,6,0.181818,0.174757,2.588235,-1
1,"GREEDY,R,R",9,60,10,1,RED,GREEDY,122,0.006978,3.559026,2,10,8,0.355556,0.45614,7.5,-1
1,"GREEDY,R,R",10,61,11,1,BLUE,R,355,0.019547,2.828427,4,10,6,0.222222,0.276423,3.833333,-1
1,"GREEDY,R,R",11,62,12,1,RED,GREEDY,189,0.008973,3.299832,2,10,8,0.280702,0.439815,20.0,-1
1,"GREEDY,R,R",12,63,13,1,ORANGE,R,284,0.011907,3.559026,2,10,8,0.355556,0.060606,1.315789,-1
1,"GREEDY,R,R",13,64,14,1,RED,GREEDY,166,0.008049,3.771236,2,10,8,0.380952,0.517799,12.428571,-1
1,"GREEDY,R,R",14,65,15,1,BLUE,R,396,0.018493,2.624669,4,10,6,0.210526,0.200803,2.470588,-1
1,"GREEDY,R,R",15,66,16,1,RED,GREEDY,240,0.013956,3.399346,2,10,8,0.266667,0.471178,24.5,-1
1,"GREEDY,R,R",16,67,17,1,RED,GREEDY,135,0.008057,3.399346,2,10,8,0.333333,0.421652,6.285714,-1
1,"GREEDY,R,R",17,68,18,1,ORANGE,R,230,0.01227,2.160247,5,10,5,0.15873,0.159204,1.941176,-1
1,"GREEDY,R,R",18,69,19,1,RED,GREEDY,203,0.01237,1.885618,6,10,4,0.121212,0.380952,5.0,-1
1,"GREEDY,R,R",19,70,20,1,RED,GREEDY,59,0.003758,3.771236,2,10,8,0.380952,0.454277,8.0,-1
1,"GREEDY,R,R",20,71,21,1,ORANGE,R,294,0.01694,2.160247,5,10,5,0.15873,0.291262,4.214286,-1
1,"GREEDY,R,R",21,72,22,1,ORANGE,R,473,0.017354,2.624669,4,10,6,0.210526,0.244444,3.2,-1
1,"GREEDY,R,R",22,73,23,1,BLUE,R,109,0.005346,3.399346,2,10,8,0.333333,0.186667,2.647059,-1
1,"GREEDY,R,R",23,74,24,1,BLUE,R,833,0.025376,2.624669,4,10,6,0.210526,0.4,9.0,-1
1,"GREEDY,R,R",24,75,25,1,ORANGE,R,207,0.007027,4.027682,2,11,9,0.375,0.253521,4.0,-1
1,"GREEDY,R,R",25,76,26,1,BLUE,R,297,0.011467,3.091206,3,10,7,0.27451,0.216867,3.7,-1
1,"GREEDY,R,R",26,77,27,1,BLUE,R,353,0.010099,3.399346,2,10,8,0.333333,0.410959,10.0,-1
1,"GREEDY,R,R",27,78,28,1,BLUE,R,315,0.011867,3.771236,2,10,8,0.380952,0.342593,8.4,-1
1,"GREEDY,R,R",28,79,29,1,RED,GREEDY,299,0.012995,2.160247,5,10,5,0.15873,0.365915,4.842105,-1
1,"GREEDY,R,R",29,80,30,1,BLUE,R,338,0.017709,3.091206,4,11,7,0.233333,0.269504,3.923077,-1
1,"GREEDY,R,R",30,81,31,1,ORANGE,R,273,0.014113,3.265986,3,11,8,0.253968,0.335697,7.454545,-1
1,"GREEDY,R,R",31,82,32,1,ORANGE,R,203,0.010096,3.681787,2,11,9,0.3,0.105611,1.64,-1
1,"GREEDY,R,R",32,83,33,1,BLUE,R,471,0.021001,2.624669,4,10,6,0.173913,0.145215,1.916667,-1
1,"GREEDY,R,R",33,84,34,1,RED,GREEDY,306,0.012387,3.265986,2,10,8,0.296296,0.397849,7.166667,-1
1,"GREEDY,R,R",34,85,35,1,RED,GREEDY,111,0.0057,3.265986,2,10,8,0.296296,0.481481,10.75,-1
1,"GREEDY,R,R",35,86,36,1,BLUE,R,508,0.017187,2.494438,4,10,6,0.2,0.219512,2.588235,-1
1,"GREEDY,R,R",36,87,37,1,RED,GREEDY,131,0.007409,3.091206,3,10,7,0.212121,0.400844,11.555556,-1
1,"GREEDY,R,R",37,88,38,1,ORANGE,R,376,0.014881,3.299832,2,10,8,0.313725,0.300813,5.111111,-1
1,"GREEDY,R,R",38,89,39,1,ORANGE,R,633,0.029267,2.054805,5,10,5,0.151515,0.14876,2.173913,-1
1,"GREEDY,R,R",39,90,40,1,BLUE,R,385,0.017393,2.494438,4,10,6,0.181818,0.146667,1.916667,-1
1,"GREEDY,R,R",40,91,41,1,BLUE,R,289,0.022586,2.828427,4,10,6,0.222222,0.209524,2.941176,-1
1,"GREEDY,R,R",41,92,42,1,ORANGE,R,289,0.014545,2.494438,4,10,6,0.2,0.2589,3.857143,-1
1,"GREEDY,R,R",42,93,43,1,RED,GREEDY,157,0.0086,3.559026,2,10,8,0.355556,0.571429,25.0,-1
1,"GREEDY,R,R",43,94,44,1,RED,GREEDY,146,0.007074,2.160247,5,10,5,0.15873,0.379487,5.352941,-1
1,"GREEDY,R,R",44,95,45,1,RED,GREEDY,141,0.007767,3.559026,2,10,8,0.355556,0.404199,8.0,-1
1,"GREEDY,R,R",45,96,46,1,ORANGE,R,219,0.009717,3.771236,2,10,8,0.380952,0.218391,3.714286,-1
1,"GREEDY,R,R",46,97,47,1,BLUE,R,322,0.011128,3.771236,2,10,8,0.380952,0.298851,9.666667,-1
1,"GREEDY,R,R",47,98,48,1,BLUE,R,371,0.012897,3.559026,3,11,8,0.296296,0.337553,5.0,-1
1,"GREEDY,R,R",48,99,49,1,RED,GREEDY,115,0.005826,3.299832,2,10,8,0.313725,0.435262,7.076923,-1
1,"GREEDY,R,R",49,100,50,1,ORANGE,R,257,0.011072,2.44949,4,10,6,0.190476,0.110236,1.724138,-1
2,"MCTS,R,R",0,101,1,1,RED,MCTS,517,12.132106,0.942809,8,10,2,0.051282,0.324786,4.166667,-1
2,"MCTS,R,R",1,102,2,1,BLUE,R,171,2.877061,3.559026,2,10,8,0.355556,0.404372,19.5,-1
2,"MCTS,R,R",2,103,3,1,ORANGE,R,188,7.518105,3.265986,2,10,8,0.296296,0.203704,2.466667,-1
2,"MCTS,R,R",3,104,4,1,ORANGE,R,444,14.724663,2.94392,3,10,7,0.259259,0.222222,3.2,-1
2,"MCTS,R,R",4,105,5,1,BLUE,R,281,7.333415,3.299832,2,10,8,0.313725,0.482993,36.5,-1
2,"MCTS,R,R",5,106,6,1,RED,MCTS,506,13.367728,2.94392,3,10,7,0.222222,0.324561,6.285714,-1
2,"MCTS,R,R",6,107,7,1,BLUE,R,349,7.974193,3.559026,2,10,8,0.253968,0.285714,3.4,-1
2,"MCTS,R,R",7,108,8,1,RED,MCTS,514,17.44664,3.299832,2,10,8,0.313725,0.422764,6.2,-1
2,"MCTS,R,R",8,109,9,1,ORANGE,R,263,9.116477,3.399346,2,10,8,0.333333,0.262626,5.333333,-1
2,"MCTS,R,R",9,110,10,1,ORANGE,R,205,3.458299,3.399346,2,10,8,0.333333,0.243902,2.764706,-1
2,"MCTS,R,R",10,111,11,1,BLUE,R,265,6.611671,2.867442,3,10,7,0.245614,0.175,2.5,-1
2,"MCTS,R,R",11,112,12,1,RED,MCTS,279,9.846487,2.160247,5,10,5,0.15873,0.341463,5.666667,-1
2,"MCTS,R,R",12,113,13,1,BLUE,R,253,8.151786,2.054805,5,10,5,0.151515,0.040404,1.2,-1
2,"MCTS,R,R",13,114,14,1,BLUE,R,399,6.765219,3.265986,2,10,8,0.296296,0.253968,4.2,-1
2,"MCTS,R,R",14,115,15,1,ORANGE,R,773,24.662887,2.867442,3,10,7,0.233333,0.25,3.666667,-1
2,"MCTS,R,R",15,116,16,1,ORANGE,R,347,7.42639,0.942809,8,10,2,0.051282,0.161765,2.0,-1
2,"MCTS,R,R",16,117,17,1,RED,MCTS,192,3.749106,3.091206,3,10,7,0.27451,0.321285,4.076923,-1
2,"MCTS,R,R",17,118,18,1,BLUE,R,195,7.41891,1.247219,7,10,3,0.08,0.092593,1.535714,-1
2,"MCTS,R,R",18,119,19,1,RED,MCTS,212,6.036963,2.828427,4,10,6,0.222222,0.291667,3.333333,-1
2,"MCTS,R,R",19,120,20,1,RED,MCTS,266,4.451375,3.559026,2,10,8,0.253968,0.270833,4.545455,-1
2,"MCTS,R,R",20,121,21,1,BLUE,R,611,11.585862,2.160247,5,10,5,0.138889,0.162602,2.25,-1
2,"MCTS,R,R",21,122,22,1,ORANGE,R,260,7.941873,1.699673,6,10,4,0.115942,0.151815,2.095238,-1
2,"MCTS,R,R",22,123,23,1,ORANGE,R,213,4.376161,3.399346,2,10,8,0.266667,0.190476,2.6,-1
2,"MCTS,R,R",23,124,24,1,RED,MCTS,408,9.302788,3.299832,4,11,7,0.245614,0.319249,3.833333,-1
2,"MCTS,R,R",24,125,25,1,RED,MCTS,284,8.326938,3.559026,2,10,8,0.253968,0.341085,12.0,-1
2,"MCTS,R,R",25,126,26,1,RED,MCTS,188,7.408282,4.027682,2,11,9,0.375,0.308642,3.777778,-1
2,"MCTS,R,R",26,127,27,1,BLUE,R,188,5.150803,3.399346,2,10,8,0.333333,0.154762,2.083333,-1
2,"MCTS,R,R",27,128,28,1,BLUE,R,426,12.460656,3.559026,2,10,8,0.355556,0.111111,1.666667,-1
2,"MCTS,R,R",28,129,29,1,RED,MCTS,170,4.18299,3.771236,2,10,8,0.380952,0.151515,2.25,-1
2,"MCTS,R,R",29,130,30,1,RED,MCTS,456,12.92901,3.299832,2,10,8,0.280702,0.328502,4.4,-1
2,"MCTS,R,R",30,131,31,1,RED,MCTS,316,7.449075,3.559026,3,11,8,0.296296,0.203704,2.692308,-1
2,"MCTS,R,R",31,132,32,1,RED,MCTS,157,4.181398,3.299832,2,10,8,0.280702,0.288066,5.375,-1
2,"MCTS,R,R",32,133,33,1,RED,MCTS,536,8.905492,2.160247,5,10,5,0.138889,0.282609,4.545455,-1
2,"MCTS,R,R",33,134,34,1,ORANGE,R,325,5.658608,2.624669,4,10,6,0.173913,0.283688,4.636364,-1
2,"MCTS,R,R",34,135,35,1,ORANGE,R,442,7.531471,2.867442,3,10,7,0.233333,0.291667,6.833333,-1
2,"MCTS,R,R",35,136,36,1,BLUE,R,247,6.179584,3.399346,2,10,8,0.266667,0.237548,3.818182,-1
2,"MCTS,R,R",36,137,37,1,RED,MCTS,206,8.404745,2.054805,5,10,5,0.151515,0.081761,1.481481,-1
2,"MCTS,R,R",37,138,38,1,RED,MCTS,234,6.579255,3.399346,2,10,8,0.333333,0.374429,6.125,-1
2,"MCTS,R,R",38,139,39,1,RED,MCTS,382,12.607328,2.94392,3,10,7,0.259259,0.204444,2.352941,-1
2,"MCTS,R,R",39,140,40,1,RED,MCTS,305,10.146049,2.94392,3,10,7,0.259259,0.382353,5.333333,-1
2,"MCTS,R,R",40,141,41,1,RED,MCTS,123,3.730846,4.242641,2,11,9,0.4,0.401961,6.857143,-1
2,"MCTS,R,R",41,142,42,1,RED,MCTS,155,5.517367,3.399346,2,10,8,0.333333,0.177778,2.428571,-1
2,"MCTS,R,R",42,143,43,1,RED,MCTS,223,4.066202,3.771236,2,10,8,0.380952,0.333333,7.0,-1
2,"MCTS,R,R",43,144,44,1,BLUE,R,259,4.689288,3.399346,2,10,8,0.333333,0.369565,5.636364,-1
2,"MCTS,R,R",44,145,45,1,RED,MCTS,102,3.744148,3.559026,2,10,8,0.355556,0.323232,4.2,-1
2,"MCTS,R,R",45,146,46,1,RED,MCTS,361,6.982326,2.867442,3,10,7,0.245614,0.288889,3.6,-1
2,"MCTS,R,R",46,147,47,1,ORANGE,R,180,3.830742,3.559026,2,10,8,0.355556,0.325397,3.928571,-1
2,"MCTS,R,R",47,148,48,1,ORANGE,R,424,6.927668,3.559026,2,10,8,0.253968,0.386364,7.375,-1
2,"MCTS,R,R",48,149,49,1,RED,MCTS,694,13.568066,2.867442,3,10,7,0.233333,0.361111,4.545455,-1
2,"MCTS,R,R",49,150,50,1,BLUE,R,550,12.55575,1.247219,7,10,3,0.076923,0.278912,3.928571,-1
3,"AB,R,R",0,151,1,1,RED,AB,76,1.067404,3.299832,3,10,7,0.291667,0.460606,8.6,-1
3,"AB,R,R",1,152,2,1,RED,AB,79,1.323821,3.771236,2,10,8,0.380952,0.501425,13.571429,-1
3,"AB,R,R",2,153,3,1,RED,AB,67,0.892488,3.559026,2,10,8,0.355556,0.463768,9.888889,-1
3,"AB,R,R",3,154,4,1,RED,AB,112,0.987771,3.771236,2,10,8,0.380952,0.430556,7.888889,-1
3,"AB,R,R",4,155,5,1,RED,AB,72,1.212755,4.242641,2,11,9,0.4,0.487395,22.75,-1
3,"AB,R,R",5,156,6,1,RED,AB,71,1.030175,3.399346,2,10,8,0.333333,0.47352,11.857143,-1
3,"AB,R,R",6,157,7,1,RED,AB,101,1.629899,3.399346,2,10,8,0.333333,0.352304,6.416667,-1
3,"AB,R,R",7,158,8,1,RED,AB,100,1.165895,3.771236,2,10,8,0.380952,0.591065,29.666667,-1
3,"AB,R,R",8,159,9,1,RED,AB,84,1.168985,3.559026,2,10,8,0.355556,0.381818,6.727273,-1
3,"AB,R,R",9,160,10,1,RED,AB,50,0.767829,3.771236,2,10,8,0.380952,0.451977,7.666667,-1
3,"AB,R,R",10,161,11,1,RED,AB,93,1.204141,3.559026,2,10,8,0.355556,0.469136,8.6,-1
3,"AB,R,R",11,162,12,1,RED,AB,69,0.27129,3.559026,2,10,8,0.355556,0.454023,16.8,-1
3,"AB,R,R",12,163,13,1,RED,AB,69,0.870793,3.299832,2,10,8,0.313725,0.393939,10.75,-1
3,"AB,R,R",13,164,14,1,RED,AB,85,0.95008,3.771236,2,10,8,0.380952,0.519231,12.571429,-1
3,"AB,R,R",14,165,15,1,RED,AB,142,1.444884,3.399346,2,10,8,0.333333,0.322581,4.157895,-1
3,"AB,R,R",15,166,16,1,RED,AB,93,1.304561,3.559026,2,10,8,0.355556,0.504348,22.75,-1
3,"AB,R,R",16,167,17,1,RED,AB,105,1.776411,3.559026,2,10,8,0.355556,0.39548,6.0,-1
3,"AB,R,R",17,168,18,1,RED,AB,67,0.806356,3.559026,2,10,8,0.355556,0.397933,5.529412,-1
3,"AB,R,R",18,169,19,1,RED,AB,77,1.004415,3.399346,2,10,8,0.333333,0.438596,7.818182,-1
3,"AB,R,R",19,170,20,1,RED,AB,59,1.011932,3.771236,2,10,8,0.380952,0.454277,8.0,-1
3,"AB,R,R",20,171,21,1,RED,AB,100,1.320833,3.299832,3,10,7,0.291667,0.466667,8.636364,-1
3,"AB,R,R",21,172,22,1,RED,AB,91,1.50101,3.771236,2,10,8,0.380952,0.460177,8.8,-1
3,"AB,R,R",22,173,23,1,RED,AB,80,1.151262,3.559026,2,10,8,0.355556,0.348718,5.0,-1
3,"AB,R,R",23,174,24,1,RED,AB,93,0.727773,3.771236,2,10,8,0.380952,0.54902,15.0,-1
3,"AB,R,R",24,175,25,1,RED,AB,80,1.606155,3.399346,2,10,8,0.333333,0.352941,6.142857,-1
3,"AB,R,R",25,176,26,1,RED,AB,98,2.121514,3.559026,2,10,8,0.355556,0.345912,4.666667,-1
3,"AB,R,R",26,177,27,1,RED,AB,117,2.123608,3.771236,2,10,8,0.380952,0.401235,5.642857,-1
3,"AB,R,R",27,178,28,1,RED,AB,145,1.320329,3.299832,2,10,8,0.280702,0.343284,5.928571,-1
3,"AB,R,R",28,179,29,1,RED,AB,86,1.802591,2.867442,3,10,7,0.233333,0.294785,4.421053,-1
3,"AB,R,R",29,180,30,1,RED,AB,102,1.233607,3.771236,2,10,8,0.380952,0.446429,7.25,-1
3,"AB,R,R",30,181,31,1,RED,AB,97,2.009251,3.771236,2,10,8,0.380952,0.402402,7.090909,-1
3,"AB,R,R",31,182,32,1,RED,AB,88,0.888908,3.559026,2,10,8,0.355556,0.408408,5.857143,-1
3,"AB,R,R",32,183,33,1,RED,AB,65,0.683157,3.771236,2,10,8,0.380952,0.527778,20.0,-1
3,"AB,R,R",33,184,34,1,RED,AB,45,0.552805,3.771236,2,10,8,0.380952,0.442529,6.923077,-1
3,"AB,R,R",34,185,35,1,RED,AB,120,1.510897,3.399346,2,10,8,0.333333,0.433862,14.666667,-1
3,"AB,R,R",35,186,36,1,RED,AB,59,0.750141,3.559026,2,10,8,0.355556,0.419048,6.076923,-1
3,"AB,R,R",36,187,37,1,RED,AB,44,0.651681,3.559026,2,10,8,0.355556,0.437158,9.888889,-1
3,"AB,R,R",37,188,38,1,RED,AB,102,1.095306,3.091206,3,10,7,0.27451,0.487395,10.666667,-1
3,"AB,R,R",38,189,39,1,RED,AB,55,0.580902,3.771236,2,10,8,0.380952,0.469841,9.222222,-1
3,"AB,R,R",39,190,40,1,RED,AB,92,1.15209,3.771236,2,10,8,0.380952,0.503268,13.833333,-1
3,"AB,R,R",40,191,41,1,RED,AB,96,0.803513,3.771236,2,10,8,0.380952,0.336391,4.055556,-1
3,"AB,R,R",41,192,42,1,RED,AB,104,2.532345,3.265986,2,10,8,0.296296,0.404938,6.857143,-1
3,"AB,R,R",42,193,43,1,RED,AB,91,0.599954,3.771236,2,10,8,0.380952,0.563218,25.5,-1
3,"AB,R,R",43,194,44,1,RED,AB,119,1.929951,3.299832,3,10,7,0.291667,0.434524,7.636364,-1
3,"AB,R,R",44,195,45,1,RED,AB,66,0.978506,3.771236,2,10,8,0.380952,0.448276,9.666667,-1
3,"AB,R,R",45,196,46,1,RED,AB,94,0.694695,3.771236,2,10,8,0.380952,0.491909,11.857143,-1
3,"AB,R,R",46,197,47,1,RED,AB,80,0.946924,3.771236,2,10,8,0.380952,0.533333,29.0,-1
3,"AB,R,R",47,198,48,1,RED,AB,54,0.708502,3.771236,2,10,8,0.380952,0.512821,12.428571,-1
3,"AB,R,R",48,199,49,1,RED,AB,94,1.711348,3.399346,2,10,8,0.333333,0.501529,17.4,-1
3,"AB,R,R",49,200,50,1,RED,AB,63,0.970028,3.559026,2,10,8,0.355556,0.366667,5.714286,-1
4,"VALUE,R,R",0,201,1,1,RED,VALUE,94,0.095951,3.771236,3,11,8,0.313725,0.438596,8.5,-1
4,"VALUE,R,R",1,202,2,1,RED,VALUE,91,0.090263,3.771236,2,10,8,0.380952,0.490909,12.571429,-1
4,"VALUE,R,R",2,203,3,1,RED,VALUE,70,0.060743,3.559026,2,10,8,0.355556,0.463768,9.888889,-1
4,"VALUE,R,R",3,204,4,1,RED,VALUE,103,0.110045,3.771236,2,10,8,0.380952,0.450794,8.888889,-1
4,"VALUE,R,R",4,205,5,1,RED,VALUE,93,0.133851,3.771236,2,10,8,0.380952,0.488889,23.0,-1
4,"VALUE,R,R",5,206,6,1,RED,VALUE,68,0.116448,3.399346,2,10,8,0.333333,0.462046,11.0,-1
4,"VALUE,R,R",6,207,7,1,RED,VALUE,68,0.072333,3.559026,2,10,8,0.355556,0.353982,6.0,-1
4,"VALUE,R,R",7,208,8,1,RED,VALUE,142,0.163799,3.771236,2,10,8,0.380952,0.591065,29.666667,-1
4,"VALUE,R,R",8,209,9,1,RED,VALUE,69,0.100633,3.299832,2,10,8,0.313725,0.346667,5.727273,-1
4,"VALUE,R,R",9,210,10,1,RED,VALUE,98,0.125582,3.559026,2,10,8,0.355556,0.450142,7.583333,-1
4,"VALUE,R,R",10,211,11,1,RED,VALUE,90,0.118915,3.559026,2,10,8,0.355556,0.469136,8.6,-1
4,"VALUE,R,R",11,212,12,1,RED,VALUE,57,0.066163,4.027682,2,11,9,0.375,0.479339,18.4,-1
4,"VALUE,R,R",12,213,13,1,RED,VALUE,99,0.138611,2.94392,3,10,7,0.259259,0.48,12.25,-1
4,"VALUE,R,R",13,214,14,1,RED,VALUE,85,0.099531,3.771236,2,10,8,0.380952,0.517799,12.428571,-1
4,"VALUE,R,R",14,215,15,1,RED,VALUE,64,0.121401,3.559026,2,10,8,0.355556,0.377581,5.266667,-1
4,"VALUE,R,R",15,216,16,1,RED,VALUE,81,0.091063,3.771236,2,10,8,0.380952,0.53211,22.75,-1
4,"VALUE,R,R",16,217,17,1,RED,VALUE,66,0.053606,3.771236,2,10,8,0.380952,0.412979,6.0,-1
4,"VALUE,R,R",17,218,18,1,RED,VALUE,133,0.14536,1.414214,7,10,3,0.083333,0.204793,2.342857,-1
4,"VALUE,R,R",18,219,19,1,RED,VALUE,110,0.12809,3.265986,2,10,8,0.296296,0.428135,7.363636,-1
4,"VALUE,R,R",19,220,20,1,RED,VALUE,50,0.047404,3.771236,2,10,8,0.380952,0.446483,7.636364,-1
4,"VALUE,R,R",20,221,21,1,RED,VALUE,61,0.109928,3.559026,2,10,8,0.355556,0.46832,8.727273,-1
4,"VALUE,R,R",21,222,22,1,RED,VALUE,76,0.061783,3.559026,2,10,8,0.355556,0.456456,8.6,-1
4,"VALUE,R,R",22,223,23,1,RED,VALUE,101,0.11124,3.399346,2,10,8,0.333333,0.341207,4.823529,-1
4,"VALUE,R,R",23,224,24,1,RED,VALUE,72,0.059732,3.771236,2,10,8,0.380952,0.551282,15.333333,-1
4,"VALUE,R,R",24,225,25,1,RED,VALUE,86,0.072852,3.299832,2,10,8,0.313725,0.352941,6.142857,-1
4,"VALUE,R,R",25,226,26,1,RED,VALUE,86,0.121227,3.559026,2,10,8,0.355556,0.401235,6.0,-1
4,"VALUE,R,R",26,227,27,1,RED,VALUE,87,0.087011,4.242641,2,11,9,0.4,0.412979,6.0,-1
4,"VALUE,R,R",27,228,28,1,RED,VALUE,139,0.152983,2.160247,5,10,5,0.15873,0.225225,2.5625,-1
4,"VALUE,R,R",28,229,29,1,RED,VALUE,92,0.068077,2.94392,3,10,7,0.259259,0.253687,3.263158,-1
4,"VALUE,R,R",29,230,30,1,RED,VALUE,93,0.119892,3.771236,2,10,8,0.380952,0.438272,6.916667,-1
4,"VALUE,R,R",30,231,31,1,RED,VALUE,109,0.112425,3.771236,2,10,8,0.380952,0.397554,6.909091,-1
4,"VALUE,R,R",31,232,32,1,RED,VALUE,79,0.06488,3.399346,2,10,8,0.333333,0.42577,6.428571,-1
4,"VALUE,R,R",32,233,33,1,RED,VALUE,92,0.089088,3.771236,2,10,8,0.380952,0.535948,21.5,-1
4,"VALUE,R,R",33,234,34,1,RED,VALUE,93,0.105697,3.091206,3,10,7,0.27451,0.405556,6.615385,-1
4,"VALUE,R,R",34,235,35,1,RED,VALUE,99,0.072137,3.559026,2,10,8,0.355556,0.379085,5.142857,-1
4,"VALUE,R,R",35,236,36,1,RED,VALUE,92,0.098729,3.299832,3,10,7,0.291667,0.371429,5.588235,-1
4,"VALUE,R,R",36,237,37,1,RED,VALUE,53,0.048867,3.399346,2,10,8,0.333333,0.361111,9.666667,-1
4,"VALUE,R,R",37,238,38,1,RED,VALUE,129,0.137979,3.771236,2,10,8,0.380952,0.487395,10.666667,-1
4,"VALUE,R,R",38,239,39,1,RED,VALUE,61,0.072475,3.771236,2,10,8,0.380952,0.471698,9.333333,-1
4,"VALUE,R,R",39,240,40,1,RED,VALUE,110,0.087593,3.771236,2,10,8,0.380952,0.498316,13.333333,-1
4,"VALUE,R,R",40,241,41,1,RED,VALUE,60,0.087347,3.771236,2,10,8,0.380952,0.350877,4.333333,-1
4,"VALUE,R,R",41,242,42,1,RED,VALUE,74,0.079487,3.771236,2,10,8,0.380952,0.415301,6.428571,-1
4,"VALUE,R,R",42,243,43,1,RED,VALUE,97,0.116007,3.771236,2,10,8,0.380952,0.563218,25.5,-1
4,"VALUE,R,R",43,244,44,1,RED,VALUE,74,0.117314,3.559026,2,10,8,0.355556,0.419048,7.0,-1
4,"VALUE,R,R",44,245,45,1,RED,VALUE,90,0.110692,3.771236,2,10,8,0.380952,0.450142,9.777778,-1
4,"VALUE,R,R",45,246,46,1,RED,VALUE,61,0.054017,3.771236,2,10,8,0.380952,0.501529,12.714286,-1
4,"VALUE,R,R",46,247,47,1,RED,VALUE,59,0.054223,3.771236,2,10,8,0.380952,0.520833,26.0,-1
4,"VALUE,R,R",47,248,48,1,RED,VALUE,135,0.095456,3.771236,2,10,8,0.380952,0.539007,20.0,-1
4,"VALUE,R,R",48,249,49,1,RED,VALUE,46,0.053867,3.559026,2,10,8,0.355556,0.461059,8.4,-1
4,"VALUE,R,R",49,250,50,1,RED,VALUE,87,0.054894,3.299832,3,10,7,0.291667,0.301282,3.9375,-1
5,"WR,R,R",0,251,1,1,RED,WR,139,0.009917,2.624669,4,10,6,0.210526,0.333333,5.636364,-1
5,"WR,R,R",1,252,2,1,RED,WR,229,0.010834,2.94392,4,11,7,0.222222,0.098039,1.588235,-1
5,"WR,R,R",2,253,3,1,RED,WR,169,0.007134,3.091206,3,10,7,0.27451,0.187793,2.428571,-1
5,"WR,R,R",3,254,4,1,RED,WR,139,0.006104,4.242641,2,11,9,0.4,0.295082,3.454545,-1
5,"WR,R,R",4,255,5,1,RED,WR,225,0.009667,3.299832,2,10,8,0.313725,0.328042,32.0,-1
5,"WR,R,R",5,256,6,1,RED,WR,215,0.009505,3.299832,2,10,8,0.313725,0.416667,7.428571,-1
5,"WR,R,R",6,257,7,1,BLUE,R,175,0.007982,3.299832,2,10,8,0.313725,0.461059,10.25,-1
5,"WR,R,R",7,258,8,1,RED,WR,232,0.009192,3.299832,2,10,8,0.313725,0.37037,5.285714,-1
5,"WR,R,R",8,259,9,1,RED,WR,141,0.00796,3.091206,3,10,7,0.27451,0.162162,2.125,-1
5,"WR,R,R",9,260,10,1,RED,WR,206,0.009143,2.828427,4,10,6,0.222222,0.023392,1.111111,-1
5,"WR,R,R",10,261,11,1,RED,WR,288,0.014492,3.265986,2,10,8,0.296296,0.284444,6.333333,-1
5,"WR,R,R",11,262,12,1,ORANGE,R,191,0.00848,2.94392,3,10,7,0.259259,0.398374,5.9,-1
5,"WR,R,R",12,263,13,1,ORANGE,R,164,0.010169,3.091206,3,10,7,0.27451,0.411348,6.272727,-1
5,"WR,R,R",13,264,14,1,RED,WR,325,0.015023,3.265986,2,10,8,0.296296,0.273504,6.333333,-1
5,"WR,R,R",14,265,15,1,ORANGE,R,257,0.011681,3.091206,3,10,7,0.27451,0.280702,4.0,-1
5,"WR,R,R",15,266,16,1,RED,WR,294,0.01496,2.494438,4,10,6,0.181818,0.175439,2.666667,-1
5,"WR,R,R",16,267,17,1,BLUE,R,254,0.009942,3.559026,2,10,8,0.355556,0.138889,1.833333,-1
5,"WR,R,R",17,268,18,1,RED,WR,151,0.005695,3.091206,3,10,7,0.27451,0.233918,3.0,-1
5,"WR,R,R",18,269,19,1,RED,WR,263,0.014842,3.091206,3,10,7,0.27451,0.308458,3.818182,-1
5,"WR,R,R",19,270,20,1,ORANGE,R,409,0.01276,3.559026,2,10,8,0.355556,0.211382,3.166667,-1
5,"WR,R,R",20,271,21,1,RED,WR,166,0.012205,2.94392,3,10,7,0.222222,0.144928,1.909091,-1
5,"WR,R,R",21,272,22,1,RED,WR,94,0.004942,3.399346,2,10,8,0.333333,0.350427,5.1,-1
5,"WR,R,R",22,273,23,1,BLUE,R,202,0.007509,2.828427,4,10,6,0.222222,0.324074,4.181818,-1
5,"WR,R,R",23,274,24,1,RED,WR,195,0.020948,2.94392,3,10,7,0.259259,0.201058,2.357143,-1
5,"WR,R,R",24,275,25,1,RED,WR,227,0.012576,3.771236,3,11,8,0.313725,0.285714,5.5,-1
5,"WR,R,R",25,276,26,1,ORANGE,R,313,0.014939,2.867442,3,10,7,0.233333,0.061303,1.333333,-1
5,"WR,R,R",26,277,27,1,RED,WR,195,0.00931,3.091206,3,10,7,0.27451,0.444444,7.571429,-1
5,"WR,R,R",27,278,28,1,RED,WR,241,0.010193,2.94392,3,10,7,0.259259,0.190476,2.2,-1
5,"WR,R,R",28,279,29,1,RED,WR,275,0.013395,2.054805,5,10,5,0.144928,0.175758,2.115385,-1
5,"WR,R,R",29,280,30,1,RED,WR,597,0.023087,3.265986,2,10,8,0.296296,0.322917,4.1,-1
5,"WR,R,R",30,281,31,1,RED,WR,139,0.009478,2.494438,4,10,6,0.181818,0.262626,4.545455,-1
5,"WR,R,R",31,282,32,1,RED,WR,169,0.007529,3.299832,2,10,8,0.313725,0.372294,5.777778,-1
5,"WR,R,R",32,283,33,1,BLUE,R,381,0.017321,2.494438,4,10,6,0.2,0.238095,3.5,-1
5,"WR,R,R",33,284,34,1,ORANGE,R,364,0.01392,3.299832,4,11,7,0.245614,0.072072,1.380952,-1
5,"WR,R,R",34,285,35,1,RED,WR,114,0.007796,2.867442,3,10,7,0.233333,0.245955,3.533333,-1
5,"WR,R,R",35,286,36,1,ORANGE,R,132,0.007808,3.399346,2,10,8,0.333333,0.352381,4.7,-1
5,"WR,R,R",36,287,37,1,RED,WR,209,0.009281,3.265986,3,11,8,0.253968,0.140351,1.909091,-1
5,"WR,R,R",37,288,38,1,RED,WR,141,0.009761,2.828427,4,10,6,0.222222,0.433604,7.153846,-1
5,"WR,R,R",38,289,39,1,RED,WR,271,0.013863,3.399346,2,10,8,0.333333,0.251082,3.636364,-1
5,"WR,R,R",39,290,40,1,BLUE,R,427,0.01597,2.867442,3,10,7,0.245614,0.421941,8.142857,-1
5,"WR,R,R",40,291,41,1,RED,WR,168,0.011063,3.091206,4,11,7,0.233333,0.106918,1.62963,-1
5,"WR,R,R",41,292,42,1,RED,WR,326,0.015176,2.357023,5,10,5,0.166667,0.27957,5.333333,-1
5,"WR,R,R",42,293,43,1,RED,WR,226,0.008281,3.559026,2,10,8,0.355556,0.097561,1.6,-1
5,"WR,R,R",43,294,44,1,RED,WR,263,0.012486,1.699673,6,10,4,0.115942,0.150327,2.095238,-1
5,"WR,R,R",44,295,45,1,RED,WR,153,0.009746,2.94392,3,10,7,0.259259,0.016667,1.076923,-1
5,"WR,R,R",45,296,46,1,ORANGE,R,252,0.01065,2.867442,3,10,7,0.245614,0.441441,9.166667,-1
5,"WR,R,R",46,297,47,1,ORANGE,R,480,0.017858,3.399346,2,10,8,0.266667,0.348259,8.0,-1
5,"WR,R,R",47,298,48,1,BLUE,R,290,0.012158,3.559026,2,10,8,0.355556,0.101449,1.636364,-1
5,"WR,R,R",48,299,49,1,RED,WR,136,0.005913,3.559026,2,10,8,0.355556,0.292929,5.142857,-1
5,"WR,R,R",49,300,50,1,ORANGE,R,440,0.015482,3.265986,2,10,8,0.296296,0.255319,3.25,-1
6,"R,R,CONVEX",0,301,1,1,BLUE,R,309,1.383563,2.867442,3,10,7,0.233333,0.200717,3.0,-1
6,"R,R,CONVEX",1,302,2,1,BLUE,R,498,1.956033,2.624669,4,10,6,0.210526,0.030303,1.142857,-1
6,"R,R,CONVEX",2,303,3,1,BLUE,R,294,1.245362,1.247219,7,10,3,0.08,0.099738,1.612903,-1
6,"R,R,CONVEX",3,304,4,1,RED,R,610,2.131935,3.559026,2,10,8,0.253968,0.05614,1.285714,-1
6,"R,R,CONVEX",4,305,5,1,RED,R,573,2.276782,0.816497,8,10,2,0.049383,0.110345,1.705882,-1
6,"R,R,CONVEX",5,306,6,1,RED,R,728,2.782809,3.399346,2,10,8,0.266667,0.308458,5.428571,-1
6,"R,R,CONVEX",6,307,7,1,ORANGE,CONVEX,333,1.585348,2.44949,4,10,6,0.190476,0.214559,2.555556,-1
6,"R,R,CONVEX",7,308,8,1,RED,R,361,1.418024,1.885618,6,10,4,0.121212,0.074074,1.4,-1
6,"R,R,CONVEX",8,309,9,1,RED,R,303,1.412985,2.44949,4,10,6,0.190476,0.147368,1.913043,-1
6,"R,R,CONVEX",9,310,10,1,BLUE,R,138,0.787196,3.681787,2,11,9,0.315789,0.186916,2.875,-1
6,"R,R,CONVEX",10,311,11,1,BLUE,R,535,2.349098,3.399346,2,10,8,0.333333,0.173333,2.181818,-1
6,"R,R,CONVEX",11,312,12,1,ORANGE,CONVEX,251,1.53347,4.027682,2,11,9,0.375,0.373333,8.0,-1
6,"R,R,CONVEX",12,313,13,1,RED,R,273,1.288708,3.399346,3,11,8,0.280702,0.120567,1.73913,-1
6,"R,R,CONVEX",13,314,14,1,BLUE,R,291,1.248979,3.299832,2,10,8,0.313725,0.278912,5.555556,-1
6,"R,R,CONVEX",14,315,15,1,RED,R,493,2.0243,2.494438,4,10,6,0.181818,0.171617,2.083333,-1
6,"R,R,CONVEX",15,316,16,1,RED,R,429,1.72834,2.94392,3,10,7,0.222222,0.281046,4.909091,-1
6,"R,R,CONVEX",16,317,17,1,RED,R,426,1.856839,2.867442,3,10,7,0.233333,0.246667,3.846154,-1
6,"R,R,CONVEX",17,318,18,1,BLUE,R,492,1.97925,1.247219,7,10,3,0.076923,0.090703,1.555556,-1
6,"R,R,CONVEX",18,319,19,1,BLUE,R,327,1.424182,1.885618,6,10,4,0.121212,0.3,5.090909,-1
6,"R,R,CONVEX",19,320,20,1,ORANGE,CONVEX,232,1.168957,2.494438,4,10,6,0.2,0.267857,3.142857,-1
6,"R,R,CONVEX",20,321,21,1,RED,R,307,1.327585,2.160247,5,10,5,0.138889,0.119497,1.791667,-1
6,"R,R,CONVEX",21,322,22,1,RED,R,376,1.630572,2.94392,3,10,7,0.222222,0.224359,3.692308,-1
6,"R,R,CONVEX",22,323,23,1,ORANGE,CONVEX,144,0.881443,2.624669,4,10,6,0.210526,0.202247,2.421053,-1
6,"R,R,CONVEX",23,324,24,1,RED,R,555,2.438852,0.816497,8,10,2,0.049383,0.018519,1.086957,-1
6,"R,R,CONVEX",24,325,25,1,ORANGE,CONVEX,141,0.929825,3.771236,2,10,8,0.380952,0.387387,7.142857,-1
6,"R,R,CONVEX",25,326,26,1,RED,R,428,1.78601,1.247219,7,10,3,0.076923,0.124444,1.756757,-1
6,"R,R,CONVEX",26,327,27,1,RED,R,327,1.25326,3.091206,3,10,7,0.27451,0.297189,3.846154,-1
6,"R,R,CONVEX",27,328,28,1,BLUE,R,588,2.173763,3.399346,2,10,8,0.266667,0.047619,1.24,-1
6,"R,R,CONVEX",28,329,29,1,ORANGE,CONVEX,181,0.941681,2.44949,4,10,6,0.190476,0.196078,2.521739,-1
6,"R,R,CONVEX",29,330,30,1,BLUE,R,362,1.488487,2.44949,4,10,6,0.190476,0.268398,6.166667,-1
6,"R,R,CONVEX",30,331,31,1,RED,R,343,1.516147,2.494438,4,10,6,0.181818,0.10119,1.548387,-1
6,"R,R,CONVEX",31,332,32,1,RED,R,139,0.628908,3.399346,2,10,8,0.333333,0.101695,1.6,-1
6,"R,R,CONVEX",32,333,33,1,ORANGE,CONVEX,253,1.214773,3.265986,2,10,8,0.296296,0.432432,9.0,-1
6,"R,R,CONVEX",33,334,34,1,RED,R,312,1.374877,2.160247,5,10,5,0.138889,0.165017,2.041667,-1
6,"R,R,CONVEX",34,335,35,1,ORANGE,CONVEX,202,1.173156,2.054805,5,10,5,0.144928,0.08547,1.46875,-1
6,"R,R,CONVEX",35,336,36,1,RED,R,410,1.668545,1.414214,7,10,3,0.083333,0.05848,1.294118,-1
6,"R,R,CONVEX",36,337,37,1,BLUE,R,387,1.578245,1.247219,7,10,3,0.076923,0.022523,1.106383,-1
6,"R,R,CONVEX",37,338,38,1,RED,R,546,2.129383,2.624669,4,10,6,0.173913,0.20915,2.454545,-1
6,"R,R,CONVEX",38,339,39,1,BLUE,R,158,0.700543,3.399346,2,10,8,0.333333,0.352941,6.625,-1
6,"R,R,CONVEX",39,340,40,1,BLUE,R,259,0.968614,3.559026,2,10,8,0.355556,0.338308,7.8,-1
6,"R,R,CONVEX",40,341,41,1,BLUE,R,208,0.914522,2.054805,5,10,5,0.151515,0.058201,1.305556,-1
6,"R,R,CONVEX",41,342,42,1,BLUE,R,987,3.62721,2.160247,5,10,5,0.15873,0.301887,9.0,-1
6,"R,R,CONVEX",42,343,43,1,RED,R,286,1.061904,3.265986,2,10,8,0.296296,0.029963,1.142857,-1
6,"R,R,CONVEX",43,344,44,1,RED,R,263,1.215083,3.091206,3,10,7,0.27451,0.264957,3.818182,-1
6,"R,R,CONVEX",44,345,45,1,RED,R,249,1.173234,2.44949,5,11,6,0.166667,0.154229,2.068966,-1
6,"R,R,CONVEX",45,346,46,1,BLUE,R,401,1.706985,2.44949,4,10,6,0.190476,0.164875,2.277778,-1
6,"R,R,CONVEX",46,347,47,1,BLUE,R,559,1.990241,3.399346,2,10,8,0.266667,0.016667,1.076923,-1
6,"R,R,CONVEX",47,348,48,1,BLUE,R,605,2.48606,3.399346,2,10,8,0.266667,0.336182,15.75,-1
6,"R,R,CONVEX",48,349,49,1,RED,R,481,1.895695,2.94392,3,10,7,0.222222,0.33033,19.333333,-1
6,"R,R,CONVEX",49,350,50,1,RED,R,270,0.9572,3.559026,2,10,8,0.253968,0.062745,1.333333,-1
7,"GREEDY,R,CONVEX",0,351,1,1,ORANGE,CONVEX,239,1.253188,1.699673,6,10,4,0.115942,0.289216,6.9,-1
7,"GREEDY,R,CONVEX",1,352,2,1,RED,GREEDY,274,1.118104,2.828427,4,10,6,0.222222,0.411255,6.588235,-1
7,"GREEDY,R,CONVEX",2,353,3,1,BLUE,R,963,3.566581,3.771236,2,10,8,0.380952,0.185185,2.875,-1
7,"GREEDY,R,CONVEX",3,354,4,1,BLUE,R,320,1.404659,3.681787,2,11,9,0.3,0.12844,1.913043,-1
7,"GREEDY,R,CONVEX",4,355,5,1,BLUE,R,161,0.73437,2.828427,4,10,6,0.222222,0.075758,1.384615,-1
7,"GREEDY,R,CONVEX",5,356,6,1,RED,GREEDY,71,0.306738,3.771236,2,10,8,0.380952,0.356725,5.066667,-1
7,"GREEDY,R,CONVEX",6,357,7,1,ORANGE,CONVEX,180,1.09184,3.559026,2,10,8,0.355556,0.229885,3.5,-1
7,"GREEDY,R,CONVEX",7,358,8,1,BLUE,R,941,3.66113,3.771236,2,10,8,0.380952,0.16092,2.4,-1
7,"GREEDY,R,CONVEX",8,359,9,1,BLUE,R,631,2.340959,2.494438,4,10,6,0.181818,0.216216,2.714286,-1
7,"GREEDY,R,CONVEX",9,360,10,1,BLUE,R,486,2.018552,3.091206,3,10,7,0.212121,0.140673,1.92,-1
7,"GREEDY,R,CONVEX",10,361,11,1,BLUE,R,403,1.727569,2.494438,4,10,6,0.2,0.222222,3.916667,-1
7,"GREEDY,R,CONVEX",11,362,12,1,ORANGE,CONVEX,197,1.389107,2.624669,4,10,6,0.210526,0.233618,3.5625,-1
7,"GREEDY,R,CONVEX",12,363,13,1,RED,GREEDY,174,0.947767,3.091206,3,10,7,0.27451,0.338624,6.818182,-1
7,"GREEDY,R,CONVEX",13,364,14,1,ORANGE,CONVEX,359,1.709672,2.160247,5,10,5,0.15873,0.285714,5.153846,-1
7,"GREEDY,R,CONVEX",14,365,15,1,BLUE,R,459,1.878354,2.44949,4,10,6,0.190476,0.130719,1.833333,-1
7,"GREEDY,R,CONVEX",15,366,16,1,BLUE,R,529,2.10338,0.471405,9,10,1,0.02381,0.167598,2.071429,-1
7,"GREEDY,R,CONVEX",16,367,17,1,BLUE,R,605,2.486697,2.494438,4,10,6,0.181818,0.083333,1.444444,-1
7,"GREEDY,R,CONVEX",17,368,18,1,BLUE,R,159,0.759707,3.265986,2,10,8,0.296296,0.141026,1.916667,-1
7,"GREEDY,R,CONVEX",18,369,19,1,BLUE,R,384,1.571102,3.299832,2,10,8,0.280702,0.14433,1.875,-1
7,"GREEDY,R,CONVEX",19,370,20,0,NONE,NONE,1000,3.974353,2.160247,4,9,5,0.15873,0.086022,1.5,-1
7,"GREEDY,R,CONVEX",20,371,21,1,RED,GREEDY,112,0.594197,3.399346,2,10,8,0.333333,0.354497,4.941176,-1
7,"GREEDY,R,CONVEX",21,372,22,1,RED,GREEDY,238,1.088369,1.699673,6,10,4,0.106667,0.21645,2.666667,-1
7,"GREEDY,R,CONVEX",22,373,23,1,BLUE,R,85,0.452374,3.399346,2,10,8,0.333333,0.15015,2.136364,-1
7,"GREEDY,R,CONVEX",23,374,24,1,BLUE,R,350,1.530422,2.494438,4,10,6,0.181818,0.116402,1.785714,-1
7,"GREEDY,R,CONVEX",24,375,25,1,ORANGE,CONVEX,657,2.905043,1.632993,6,10,4,0.111111,0.273381,7.333333,-1
7,"GREEDY,R,CONVEX",25,376,26,1,BLUE,R,324,1.33369,3.399346,2,10,8,0.333333,0.178862,2.434783,-1
7,"GREEDY,R,CONVEX",26,377,27,1,ORANGE,CONVEX,520,2.22893,2.867442,3,10,7,0.233333,0.199234,2.733333,-1
7,"GREEDY,R,CONVEX",27,378,28,1,BLUE,R,417,1.654898,3.771236,2,10,8,0.380952,0.039801,1.2,-1
7,"GREEDY,R,CONVEX",28,379,29,1,RED,GREEDY,203,0.793063,2.624669,4,10,6,0.210526,0.349206,12.0,-1
7,"GREEDY,R,CONVEX",29,380,30,1,BLUE,R,209,0.987182,2.494438,4,10,6,0.2,0.057971,1.294118,-1
7,"GREEDY,R,CONVEX",30,381,31,1,BLUE,R,407,1.468532,3.299832,2,10,8,0.280702,0.132132,1.916667,-1
7,"GREEDY,R,CONVEX",31,382,32,1,BLUE,R,219,0.990026,3.399346,2,10,8,0.333333,0.062222,1.318182,-1
7,"GREEDY,R,CONVEX",32,383,33,0,NONE,NONE,1000,3.762058,2.054805,4,9,5,0.175439,0.157576,2.3,-1
7,"GREEDY,R,CONVEX",33,384,34,1,BLUE,R,308,1.302054,2.44949,4,10,6,0.190476,0.014706,1.068182,-1
7,"GREEDY,R,CONVEX",34,385,35,1,BLUE,R,515,2.168142,2.494438,4,10,6,0.181818,0.052083,1.277778,-1
7,"GREEDY,R,CONVEX",35,386,36,1,BLUE,R,250,1.156133,3.399346,2,10,8,0.333333,0.141844,1.909091,-1
7,"GREEDY,R,CONVEX",36,387,37,1,RED,GREEDY,101,0.687604,3.559026,2,10,8,0.253968,0.335632,7.636364,-1
7,"GREEDY,R,CONVEX",37,388,38,0,NONE,NONE,1000,3.848138,1.414214,4,7,3,0.133333,0.396624,16.666667,-1
7,"GREEDY,R,CONVEX",38,389,39,1,ORANGE,CONVEX,345,1.793765,3.559026,2,10,8,0.355556,0.280702,5.8,-1
7,"GREEDY,R,CONVEX",39,390,40,1,BLUE,R,457,1.616422,3.399346,2,10,8,0.333333,0.116667,1.636364,-1
7,"GREEDY,R,CONVEX",40,391,41,1,BLUE,R,160,0.868593,3.399346,2,10,8,0.266667,0.169312,2.454545,-1
7,"GREEDY,R,CONVEX",41,392,42,1,BLUE,R,150,0.661254,3.399346,2,10,8,0.333333,0.146032,1.92,-1
7,"GREEDY,R,CONVEX",42,393,43,1,BLUE,R,836,3.35021,2.624669,4,10,6,0.173913,0.214493,3.466667,-1
7,"GREEDY,R,CONVEX",43,394,44,1,BLUE,R,421,1.567209,3.399346,2,10,8,0.333333,0.059072,1.291667,-1
7,"GREEDY,R,CONVEX",44,395,45,1,RED,GREEDY,309,1.20969,2.357023,5,10,5,0.166667,0.385675,6.384615,-1
7,"GREEDY,R,CONVEX",45,396,46,1,ORANGE,CONVEX,228,1.106169,3.399346,2,10,8,0.333333,0.330623,9.714286,-1
7,"GREEDY,R,CONVEX",46,397,47,1,BLUE,R,763,2.855222,1.699673,6,10,4,0.115942,0.198473,2.857143,-1
7,"GREEDY,R,CONVEX",47,398,48,1,BLUE,R,227,0.85846,3.399346,2,10,8,0.333333,0.159722,2.0,-1
7,"GREEDY,R,CONVEX",48,399,49,1,RED,GREEDY,322,1.566071,1.699673,6,10,4,0.106667,0.341991,7.583333,-1
7,"GREEDY,R,CONVEX",49,400,50,1,BLUE,R,268,1.042936,3.091206,3,10,7,0.27451,0.142857,1.913043,-1
8,"MCTS,R,CONVEX",0,401,1,1,ORANGE,CONVEX,119,2.807656,3.559026,2,10,8,0.355556,0.349593,5.3,-1
8,"MCTS,R,CONVEX",1,402,2,1,RED,MCTS,211,8.184409,2.624669,4,10,6,0.210526,0.246667,3.846154,-1
8,"MCTS,R,CONVEX",2,403,3,1,BLUE,R,546,12.912256,3.299832,2,10,8,0.313725,0.084656,1.5,-1
8,"MCTS,R,CONVEX",3,404,4,1,BLUE,R,794,22.697911,3.559026,2,10,8,0.253968,0.111111,1.75,-1
8,"MCTS,R,CONVEX",4,405,5,1,RED,MCTS,729,20.323931,1.699673,6,10,4,0.115942,0.203125,3.052632,-1
8,"MCTS,R,CONVEX",5,406,6,1,RED,MCTS,302,12.427804,3.299832,2,10,8,0.280702,0.135021,1.8,-1
8,"MCTS,R,CONVEX",6,407,7,1,ORANGE,CONVEX,237,5.985529,1.247219,7,10,3,0.08,0.25,2.95,-1
8,"MCTS,R,CONVEX",7,408,8,1,RED,MCTS,538,15.622789,2.494438,4,10,6,0.181818,0.166667,2.045455,-1
8,"MCTS,R,CONVEX",8,409,9,1,BLUE,R,433,12.613197,1.414214,7,10,3,0.083333,0.045802,1.230769,-1
8,"MCTS,R,CONVEX",9,410,10,1,RED,MCTS,368,7.392833,2.94392,4,11,7,0.222222,0.238806,4.0,-1
8,"MCTS,R,CONVEX",10,411,11,1,RED,MCTS,432,18.419,2.44949,4,10,6,0.190476,0.243902,4.0,-1
8,"MCTS,R,CONVEX",11,412,12,1,RED,MCTS,252,7.713987,3.771236,2,10,8,0.380952,0.368159,13.333333,-1
8,"MCTS,R,CONVEX",12,413,13,1,BLUE,R,385,14.850727,2.160247,5,10,5,0.138889,0.108974,1.653846,-1
8,"MCTS,R,CONVEX",13,414,14,1,RED,MCTS,427,12.280242,2.867442,3,10,7,0.233333,0.27451,4.5,-1
8,"MCTS,R,CONVEX",14,415,15,1,RED,MCTS,283,12.662602,3.771236,2,10,8,0.380952,0.268657,4.375,-1
8,"MCTS,R,CONVEX",15,416,16,1,BLUE,R,682,18.388613,1.247219,7,10,3,0.076923,0.116959,1.714286,-1
8,"MCTS,R,CONVEX",16,417,17,1,BLUE,R,287,6.1462,1.632993,6,10,4,0.111111,0.081301,1.428571,-1
8,"MCTS,R,CONVEX",17,418,18,0,NONE,NONE,1000,18.885385,1.247219,6,9,3,0.086957,0.218182,2.8,-1
8,"MCTS,R,CONVEX",18,419,19,1,RED,MCTS,140,6.224636,3.771236,2,10,8,0.380952,0.200913,2.571429,-1
8,"MCTS,R,CONVEX",19,420,20,1,ORANGE,CONVEX,121,2.593389,3.299832,3,10,7,0.291667,0.283951,3.421053,-1
8,"MCTS,R,CONVEX",20,421,21,1,RED,MCTS,370,13.883502,2.624669,4,10,6,0.210526,0.318841,5.4,-1
8,"MCTS,R,CONVEX",21,422,22,1,RED,MCTS,199,5.967293,3.399346,2,10,8,0.266667,0.226537,3.692308,-1
8,"MCTS,R,CONVEX",22,423,23,1,ORANGE,CONVEX,234,6.725913,3.858612,2,11,9,0.352941,0.239316,2.75,-1
8,"MCTS,R,CONVEX",23,424,24,1,RED,MCTS,411,12.079747,1.632993,6,10,4,0.111111,0.133333,1.935484,-1
8,"MCTS,R,CONVEX",24,425,25,1,BLUE,R,241,7.380614,2.867442,3,10,7,0.245614,0.264463,3.0,-1
8,"MCTS,R,CONVEX",25,426,26,1,BLUE,R,534,10.882197,1.632993,6,10,4,0.111111,0.066116,1.333333,-1
8,"MCTS,R,CONVEX",26,427,27,1,BLUE,R,515,13.709101,2.624669,4,10,6,0.173913,0.131054,1.851852,-1
8,"MCTS,R,CONVEX",27,428,28,1,RED,MCTS,292,15.439761,3.771236,2,10,8,0.380952,0.206573,2.833333,-1
8,"MCTS,R,CONVEX",28,429,29,1,RED,MCTS,110,4.770003,3.399346,2,10,8,0.333333,0.285714,5.333333,-1
8,"MCTS,R,CONVEX",29,430,30,1,RED,MCTS,237,8.039611,2.160247,6,11,5,0.138889,0.195122,3.0,-1
8,"MCTS,R,CONVEX",30,431,31,1,ORANGE,CONVEX,108,2.546239,3.299832,3,10,7,0.291667,0.217822,2.5,-1
8,"MCTS,R,CONVEX",31,432,32,1,BLUE,R,555,22.042655,3.559026,2,10,8,0.253968,0.137255,1.84,-1
8,"MCTS,R,CONVEX",32,433,33,1,RED,MCTS,512,14.46419,3.399346,2,10,8,0.333333,0.301587,5.75,-1
8,"MCTS,R,CONVEX",33,434,34,1,BLUE,R,104,2.619756,3.771236,2,10,8,0.380952,0.217054,2.647059,-1
8,"MCTS,R,CONVEX",34,435,35,1,BLUE,R,317,8.719252,2.624669,4,10,6,0.173913,0.092896,1.548387,-1
8,"MCTS,R,CONVEX",35,436,36,1,BLUE,R,451,9.776886,1.632993,6,10,4,0.111111,0.095238,1.517241,-1
8,"MCTS,R,CONVEX",36,437,37,1,BLUE,R,222,6.596324,2.160247,5,10,5,0.15873,0.14359,2.12,-1
8,"MCTS,R,CONVEX",37,438,38,1,RED,MCTS,114,4.339146,3.771236,2,10,8,0.380952,0.410256,25.0,-1
8,"MCTS,R,CONVEX",38,439,39,1,ORANGE,CONVEX,390,14.19608,0.471405,9,10,1,0.02381,0.122137,1.727273,-1
8,"MCTS,R,CONVEX",39,440,40,1,RED,MCTS,269,11.643834,2.624669,4,10,6,0.210526,0.206573,2.692308,-1
8,"MCTS,R,CONVEX",40,441,41,1,BLUE,R,403,7.618088,3.559026,2,10,8,0.253968,0.201058,3.0,-1
8,"MCTS,R,CONVEX",41,442,42,1,RED,MCTS,239,8.9026,1.632993,6,10,4,0.111111,0.104987,1.588235,-1
8,"MCTS,R,CONVEX",42,443,43,1,RED,MCTS,265,9.913078,3.299832,2,10,8,0.313725,0.078853,1.407407,-1
8,"MCTS,R,CONVEX",43,444,44,1,BLUE,R,169,4.357641,3.399346,2,10,8,0.333333,0.161905,2.307692,-1
8,"MCTS,R,CONVEX",44,445,45,1,RED,MCTS,288,9.846962,3.091206,3,10,7,0.27451,0.252252,3.8,-1
8,"MCTS,R,CONVEX",45,446,46,1,RED,MCTS,211,6.125642,3.399346,2,10,8,0.333333,0.243902,4.333333,-1
8,"MCTS,R,CONVEX",46,447,47,1,RED,MCTS,305,6.2002,3.299832,2,10,8,0.313725,0.059259,1.307692,-1
8,"MCTS,R,CONVEX",47,448,48,0,NONE,NONE,1000,20.143371,0.471405,8,9,1,0.025641,0.088889,1.470588,-1
8,"MCTS,R,CONVEX",48,449,49,1,RED,MCTS,181,5.951449,2.054805,5,10,5,0.151515,0.186186,2.631579,-1
8,"MCTS,R,CONVEX",49,450,50,1,RED,MCTS,351,7.399755,3.399346,2,10,8,0.333333,0.285714,4.75,-1
9,"AB,R,CONVEX",0,451,1,1,RED,AB,94,1.98201,3.299832,2,10,8,0.313725,0.295082,6.4,-1
9,"AB,R,CONVEX",1,452,2,1,RED,AB,91,1.551081,3.771236,2,10,8,0.380952,0.382609,7.0,-1
9,"AB,R,CONVEX",2,453,3,1,RED,AB,73,1.214493,3.771236,2,10,8,0.380952,0.48318,27.333333,-1
9,"AB,R,CONVEX",3,454,4,1,RED,AB,70,2.08289,3.559026,2,10,8,0.355556,0.282051,3.619048,-1
9,"AB,R,CONVEX",4,455,5,1,RED,AB,45,1.090801,3.771236,2,10,8,0.380952,0.368564,5.857143,-1
9,"AB,R,CONVEX",5,456,6,1,RED,AB,68,1.522019,3.771236,2,10,8,0.380952,0.348348,4.866667,-1
9,"AB,R,CONVEX",6,457,7,1,RED,AB,140,3.549686,3.771236,2,10,8,0.380952,0.270042,3.666667,-1
9,"AB,R,CONVEX",7,458,8,1,RED,AB,100,1.799758,3.771236,2,10,8,0.380952,0.43771,14.0,-1
9,"AB,R,CONVEX",8,459,9,1,RED,AB,78,1.811213,3.559026,2,10,8,0.355556,0.367816,8.111111,-1
9,"AB,R,CONVEX",9,460,10,1,RED,AB,35,0.623497,4.242641,2,11,9,0.4,0.429379,9.444444,-1
9,"AB,R,CONVEX",10,461,11,1,RED,AB,66,1.45744,3.559026,2,10,8,0.355556,0.408046,11.142857,-1
9,"AB,R,CONVEX",11,462,12,1,RED,AB,99,2.097371,3.771236,2,10,8,0.380952,0.434251,11.142857,-1
9,"AB,R,CONVEX",12,463,13,1,RED,AB,51,1.088462,3.771236,2,10,8,0.380952,0.368932,6.181818,-1
9,"AB,R,CONVEX",13,464,14,1,RED,AB,55,1.183272,3.559026,2,10,8,0.355556,0.411111,15.8,-1
9,"AB,R,CONVEX",14,465,15,1,RED,AB,79,1.37645,3.771236,2,10,8,0.380952,0.396396,6.5,-1
9,"AB,R,CONVEX",15,466,16,1,RED,AB,84,2.260624,3.559026,2,10,8,0.355556,0.348958,7.090909,-1
9,"AB,R,CONVEX",16,467,17,1,RED,AB,123,2.283748,3.399346,2,10,8,0.333333,0.306878,7.444444,-1
9,"AB,R,CONVEX",17,468,18,1,RED,AB,94,2.300946,3.265986,2,10,8,0.296296,0.259542,3.217391,-1
9,"AB,R,CONVEX",18,469,19,1,RED,AB,65,1.663467,3.771236,2,10,8,0.380952,0.387464,6.230769,-1
9,"AB,R,CONVEX",19,470,20,1,RED,AB,110,1.938384,3.399346,2,10,8,0.333333,0.330789,8.222222,-1
9,"AB,R,CONVEX",20,471,21,1,RED,AB,73,1.702623,3.771236,2,10,8,0.380952,0.356955,5.0,-1
9,"AB,R,CONVEX",21,472,22,1,RED,AB,106,1.775187,2.494438,4,10,6,0.2,0.25,3.347826,-1
9,"AB,R,CONVEX",22,473,23,1,RED,AB,125,2.560978,2.94392,3,10,7,0.259259,0.307692,3.571429,-1
9,"AB,R,CONVEX",23,474,24,1,RED,AB,102,1.796698,3.399346,2,10,8,0.333333,0.296296,4.6,-1
9,"AB,R,CONVEX",24,475,25,1,RED,AB,80,1.68836,2.94392,3,10,7,0.259259,0.215385,3.210526,-1
9,"AB,R,CONVEX",25,476,26,1,RED,AB,143,2.32957,3.559026,2,10,8,0.355556,0.349727,5.923077,-1
9,"AB,R,CONVEX",26,477,27,1,RED,AB,123,2.194025,3.559026,2,10,8,0.355556,0.342342,4.8,-1
9,"AB,R,CONVEX",27,478,28,1,RED,AB,139,2.253373,3.265986,2,10,8,0.296296,0.328125,4.15,-1
9,"AB,R,CONVEX",28,479,29,1,RED,AB,47,0.695852,3.771236,2,10,8,0.380952,0.428571,10.0,-1
9,"AB,R,CONVEX",29,480,30,1,RED,AB,63,1.418922,3.559026,2,10,8,0.355556,0.313043,4.0,-1
9,"AB,R,CONVEX",30,481,31,1,RED,AB,97,2.616894,3.771236,2,10,8,0.380952,0.345238,4.866667,-1
9,"AB,R,CONVEX",31,482,32,1,RED,AB,91,1.857072,3.559026,2,10,8,0.355556,0.304598,3.789474,-1
9,"AB,R,CONVEX",32,483,33,1,RED,AB,62,1.162099,3.265986,2,10,8,0.296296,0.373333,9.4,-1
9,"AB,R,CONVEX",33,484,34,1,RED,AB,93,1.89494,3.399346,2,10,8,0.333333,0.348718,4.4,-1
9,"AB,R,CONVEX",34,485,35,1,RED,AB,69,1.444201,3.399346,2,10,8,0.333333,0.302326,4.25,-1
9,"AB,R,CONVEX",35,486,36,1,RED,AB,116,3.028946,2.867442,3,10,7,0.245614,0.345238,4.625,-1
9,"AB,R,CONVEX",36,487,37,1,RED,AB,56,0.856321,3.399346,2,10,8,0.333333,0.417989,8.181818,-1
9,"AB,R,CONVEX",37,488,38,1,RED,AB,99,1.554482,3.399346,2,10,8,0.333333,0.515815,54.0,-1
9,"AB,R,CONVEX",38,489,39,1,RED,AB,91,1.472798,3.771236,2,10,8,0.380952,0.415205,8.1,-1
9,"AB,R,CONVEX",39,490,40,1,RED,AB,86,1.158482,3.771236,2,10,8,0.380952,0.363636,5.909091,-1
9,"AB,R,CONVEX",40,491,41,1,RED,AB,81,2.378853,3.771236,2,10,8,0.380952,0.311475,3.85,-1
9,"AB,R,CONVEX",41,492,42,1,RED,AB,50,1.104401,3.559026,2,10,8,0.355556,0.375,11.285714,-1
9,"AB,R,CONVEX",42,493,43,1,RED,AB,94,1.843273,3.399346,2,10,8,0.333333,0.472222,22.25,-1
9,"AB,R,CONVEX",43,494,44,1,RED,AB,77,1.745465,3.559026,2,10,8,0.355556,0.373089,6.083333,-1
9,"AB,R,CONVEX",44,495,45,1,RED,AB,69,0.882813,3.771236,2,10,8,0.380952,0.394444,6.916667,-1
9,"AB,R,CONVEX",45,496,46,1,RED,AB,61,0.870626,3.771236,2,10,8,0.380952,0.432432,11.285714,-1
9,"AB,R,CONVEX",46,497,47,1,RED,AB,47,0.691323,3.771236,2,10,8,0.380952,0.411215,9.25,-1
9,"AB,R,CONVEX",47,498,48,1,RED,AB,96,1.712696,3.399346,2,10,8,0.333333,0.416667,8.777778,-1
9,"AB,R,CONVEX",48,499,49,1,RED,AB,106,2.868228,3.299832,2,10,8,0.280702,0.345154,8.3,-1
9,"AB,R,CONVEX",49,500,50,1,RED,AB,63,0.985111,3.858612,2,11,9,0.352941,0.302083,3.521739,-1
10,"VALUE,R,CONVEX",0,501,1,1,RED,VALUE,94,0.588075,3.091206,3,10,7,0.27451,0.360656,7.6,-1
10,"VALUE,R,CONVEX",1,502,2,1,RED,VALUE,118,0.673774,3.771236,2,10,8,0.380952,0.380117,6.909091,-1
10,"VALUE,R,CONVEX",2,503,3,1,RED,VALUE,85,0.41056,3.559026,2,10,8,0.355556,0.460481,23.333333,-1
10,"VALUE,R,CONVEX",3,504,4,1,RED,VALUE,58,0.332354,3.559026,2,10,8,0.355556,0.28655,3.333333,-1
10,"VALUE,R,CONVEX",4,505,5,1,RED,VALUE,72,0.449042,3.559026,2,10,8,0.355556,0.347619,6.214286,-1
10,"VALUE,R,CONVEX",5,506,6,1,RED,VALUE,65,0.441366,3.771236,2,10,8,0.380952,0.35119,4.933333,-1
10,"VALUE,R,CONVEX",6,507,7,1,RED,VALUE,134,0.651197,3.399346,2,10,8,0.333333,0.36246,5.666667,-1
10,"VALUE,R,CONVEX",7,508,8,1,RED,VALUE,76,0.580507,3.771236,2,10,8,0.380952,0.43771,14.0,-1
10,"VALUE,R,CONVEX",8,509,9,1,RED,VALUE,72,0.432975,3.771236,2,10,8,0.380952,0.410256,8.111111,-1
10,"VALUE,R,CONVEX",9,510,10,1,RED,VALUE,98,0.620552,3.771236,2,10,8,0.380952,0.397436,7.888889,-1
10,"VALUE,R,CONVEX",10,511,11,1,RED,VALUE,57,0.440266,3.559026,2,10,8,0.355556,0.444444,11.285714,-1
10,"VALUE,R,CONVEX",11,512,12,1,RED,VALUE,78,0.405308,3.771236,2,10,8,0.380952,0.429907,10.857143,-1
10,"VALUE,R,CONVEX",12,513,13,1,RED,VALUE,60,0.473477,4.242641,2,11,9,0.4,0.397661,7.181818,-1
10,"VALUE,R,CONVEX",13,514,14,1,RED,VALUE,58,0.382578,3.771236,2,10,8,0.380952,0.454829,15.6,-1
10,"VALUE,R,CONVEX",14,515,15,1,RED,VALUE,79,0.42405,3.771236,2,10,8,0.380952,0.386293,6.166667,-1
10,"VALUE,R,CONVEX",15,516,16,1,RED,VALUE,69,0.451438,3.771236,2,10,8,0.380952,0.384384,6.818182,-1
10,"VALUE,R,CONVEX",16,517,17,1,RED,VALUE,162,0.937562,2.828427,4,10,6,0.222222,0.3125,7.666667,-1
10,"VALUE,R,CONVEX",17,518,18,1,RED,VALUE,58,0.339852,3.299832,2,10,8,0.313725,0.25641,3.173913,-1
10,"VALUE,R,CONVEX",18,519,19,1,RED,VALUE,68,0.543619,3.399346,2,10,8,0.333333,0.409449,7.0,-1
10,"VALUE,R,CONVEX",19,520,20,1,RED,VALUE,110,0.786297,3.265986,2,10,8,0.296296,0.361111,9.666667,-1
10,"VALUE,R,CONVEX",20,521,21,1,RED,VALUE,139,0.865214,3.299832,2,10,8,0.313725,0.304251,5.0,-1
10,"VALUE,R,CONVEX",21,522,22,1,RED,VALUE,82,0.452998,3.299832,2,10,8,0.313725,0.298507,5.0,-1
10,"VALUE,R,CONVEX",22,523,23,1,RED,VALUE,137,0.797741,2.357023,5,10,5,0.166667,0.283465,3.571429,-1
10,"VALUE,R,CONVEX",23,524,24,1,RED,VALUE,183,0.957184,2.94392,3,10,7,0.259259,0.403509,7.9,-1
10,"VALUE,R,CONVEX",24,525,25,1,RED,VALUE,62,0.553542,2.494438,4,10,6,0.2,0.328767,7.0,-1
10,"VALUE,R,CONVEX",25,526,26,1,RED,VALUE,146,0.727664,3.559026,2,10,8,0.355556,0.347107,5.846154,-1
10,"VALUE,R,CONVEX",26,527,27,1,RED,VALUE,111,0.6305,3.299832,2,10,8,0.313725,0.360856,5.538462,-1
10,"VALUE,R,CONVEX",27,528,28,1,RED,VALUE,112,0.545128,3.399346,2,10,8,0.333333,0.383648,7.1,-1
10,"VALUE,R,CONVEX",28,529,29,1,RED,VALUE,59,0.338937,3.091206,3,10,7,0.27451,0.327684,10.666667,-1
10,"VALUE,R,CONVEX",29,530,30,1,RED,VALUE,87,0.556512,3.771236,2,10,8,0.380952,0.308772,4.384615,-1
10,"VALUE,R,CONVEX",30,531,31,1,RED,VALUE,79,0.591321,3.771236,2,10,8,0.380952,0.342342,4.8,-1
10,"VALUE,R,CONVEX",31,532,32,1,RED,VALUE,118,0.589103,3.771236,2,10,8,0.380952,0.284848,3.473684,-1
10,"VALUE,R,CONVEX",32,533,33,1,RED,VALUE,113,0.605681,3.399346,2,10,8,0.333333,0.290598,6.1,-1
10,"VALUE,R,CONVEX",33,534,34,1,RED,VALUE,66,0.42981,3.299832,2,10,8,0.313725,0.312057,4.0,-1
10,"VALUE,R,CONVEX",34,535,35,1,RED,VALUE,90,0.663085,2.054805,5,10,5,0.151515,0.222222,2.958333,-1
10,"VALUE,R,CONVEX",35,536,36,1,RED,VALUE,107,0.710519,3.091206,3,10,7,0.27451,0.413223,7.25,-1
10,"VALUE,R,CONVEX",36,537,37,1,RED,VALUE,56,0.396023,3.265986,2,10,8,0.296296,0.356989,8.545455,-1
10,"VALUE,R,CONVEX",37,538,38,1,RED,VALUE,72,0.484665,3.771236,2,10,8,0.380952,0.491525,44.5,-1
10,"VALUE,R,CONVEX",38,539,39,1,RED,VALUE,133,0.794931,3.399346,2,10,8,0.333333,0.371585,7.8,-1
10,"VALUE,R,CONVEX",39,540,40,1,RED,VALUE,98,0.525813,3.771236,2,10,8,0.380952,0.34058,5.272727,-1
10,"VALUE,R,CONVEX",40,541,41,1,RED,VALUE,99,0.586189,2.828427,4,10,6,0.222222,0.340852,4.4,-1
10,"VALUE,R,CONVEX",41,542,42,1,RED,VALUE,125,0.731844,3.399346,2,10,8,0.333333,0.296837,6.545455,-1
10,"VALUE,R,CONVEX",42,543,43,1,RED,VALUE,109,0.596915,3.559026,2,10,8,0.355556,0.472222,22.25,-1
10,"VALUE,R,CONVEX",43,544,44,1,RED,VALUE,80,0.419313,3.771236,2,10,8,0.380952,0.340136,5.166667,-1
10,"VALUE,R,CONVEX",44,545,45,1,RED,VALUE,81,0.542619,3.771236,2,10,8,0.380952,0.387464,6.666667,-1
10,"VALUE,R,CONVEX",45,546,46,1,RED,VALUE,79,0.495966,3.771236,2,10,8,0.380952,0.432432,11.285714,-1
10,"VALUE,R,CONVEX",46,547,47,1,RED,VALUE,89,0.584144,3.399346,2,10,8,0.333333,0.424779,10.0,-1
10,"VALUE,R,CONVEX",47,548,48,1,RED,VALUE,96,0.465772,3.771236,2,10,8,0.380952,0.379085,6.8,-1
10,"VALUE,R,CONVEX",48,549,49,1,RED,VALUE,85,0.68402,3.265986,2,10,8,0.296296,0.347826,10.0,-1
10,"VALUE,R,CONVEX",49,550,50,1,RED,VALUE,54,0.282247,4.242641,2,11,9,0.4,0.330435,4.352941,-1
11,"WR,R,CONVEX",0,551,1,1,RED,WR,469,2.073037,3.399346,3,11,8,0.280702,0.107843,1.611111,-1
11,"WR,R,CONVEX",1,552,2,1,RED,WR,385,1.682874,3.559026,2,10,8,0.253968,0.177215,2.4,-1
11,"WR,R,CONVEX",2,553,3,1,RED,WR,430,1.742171,2.494438,4,10,6,0.181818,0.243056,3.058824,-1
11,"WR,R,CONVEX",3,554,4,1,RED,WR,316,1.206349,3.399346,2,10,8,0.333333,0.137566,1.866667,-1
11,"WR,R,CONVEX",4,555,5,1,RED,WR,291,1.336846,2.867442,3,10,7,0.233333,0.326389,5.272727,-1
11,"WR,R,CONVEX",5,556,6,1,RED,WR,230,1.08417,3.299832,2,10,8,0.280702,0.314815,5.857143,-1
11,"WR,R,CONVEX",6,557,7,1,ORANGE,CONVEX,333,1.55635,0.816497,8,10,2,0.049383,0.188506,2.464286,-1
11,"WR,R,CONVEX",7,558,8,1,RED,WR,373,1.506429,2.054805,5,10,5,0.151515,0.107937,1.653846,-1
11,"WR,R,CONVEX",8,559,9,1,BLUE,R,412,1.700627,1.414214,7,10,3,0.083333,0.154882,2.095238,-1
11,"WR,R,CONVEX",9,560,10,1,RED,WR,140,0.769698,3.299832,2,10,8,0.280702,0.217391,3.5,-1
11,"WR,R,CONVEX",10,561,11,1,RED,WR,393,1.738505,2.357023,5,10,5,0.166667,0.203922,3.363636,-1
11,"WR,R,CONVEX",11,562,12,1,ORANGE,CONVEX,350,1.871933,2.44949,4,10,6,0.190476,0.410853,9.833333,-1
11,"WR,R,CONVEX",12,563,13,1,RED,WR,156,0.793877,3.559026,2,10,8,0.355556,0.195556,2.571429,-1
11,"WR,R,CONVEX",13,564,14,1,RED,WR,457,1.996537,3.265986,2,10,8,0.296296,0.354978,5.555556,-1
11,"WR,R,CONVEX",14,565,15,1,RED,WR,394,1.512272,2.94392,3,10,7,0.222222,0.150327,1.958333,-1
11,"WR,R,CONVEX",15,566,16,1,RED,WR,147,0.767379,3.399346,2,10,8,0.333333,0.390244,13.0,-1
11,"WR,R,CONVEX",16,567,17,1,ORANGE,CONVEX,109,0.755434,3.091206,3,10,7,0.27451,0.394558,5.833333,-1
11,"WR,R,CONVEX",17,568,18,1,RED,WR,130,0.622756,3.299832,2,10,8,0.313725,0.133333,1.888889,-1
11,"WR,R,CONVEX",18,569,19,1,BLUE,R,225,1.010571,2.054805,5,10,5,0.151515,0.229333,3.263158,-1
11,"WR,R,CONVEX",19,570,20,1,BLUE,R,282,1.251601,2.624669,4,10,6,0.210526,0.159292,2.285714,-1
11,"WR,R,CONVEX",20,571,21,1,RED,WR,253,1.122768,3.091206,3,10,7,0.212121,0.282282,6.222222,-1
11,"WR,R,CONVEX",21,572,22,1,BLUE,R,330,1.502338,3.559026,2,10,8,0.253968,0.318318,11.6,-1
11,"WR,R,CONVEX",22,573,23,1,ORANGE,CONVEX,183,1.05066,1.699673,6,10,4,0.115942,0.205607,2.941176,-1
11,"WR,R,CONVEX",23,574,24,1,RED,WR,267,1.186904,3.299832,3,11,8,0.266667,0.217949,3.125,-1
11,"WR,R,CONVEX",24,575,25,1,RED,WR,359,1.331191,3.559026,2,10,8,0.355556,0.24,3.571429,-1
11,"WR,R,CONVEX",25,576,26,1,BLUE,R,519,2.049363,0.816497,8,10,2,0.049383,0.050125,1.263158,-1
11,"WR,R,CONVEX",26,577,27,1,RED,WR,207,0.809455,3.399346,2,10,8,0.333333,0.294737,6.25,-1
11,"WR,R,CONVEX",27,578,28,1,RED,WR,217,0.826768,3.559026,2,10,8,0.355556,0.134831,1.782609,-1
11,"WR,R,CONVEX",28,579,29,1,RED,WR,158,0.694012,3.399346,2,10,8,0.333333,0.172619,2.526316,-1
11,"WR,R,CONVEX",29,580,30,1,BLUE,R,437,1.717921,2.160247,5,10,5,0.138889,0.072464,1.37037,-1
11,"WR,R,CONVEX",30,581,31,1,RED,WR,277,1.240536,2.867442,3,10,7,0.245614,0.202614,2.823529,-1
11,"WR,R,CONVEX",31,582,32,1,RED,WR,133,0.615227,3.091206,3,10,7,0.27451,0.184739,2.277778,-1
11,"WR,R,CONVEX",32,583,33,1,ORANGE,CONVEX,292,1.387326,3.299832,2,10,8,0.280702,0.447257,18.666667,-1
11,"WR,R,CONVEX",33,584,34,1,RED,WR,315,1.378524,2.44949,4,10,6,0.190476,0.074074,1.416667,-1
11,"WR,R,CONVEX",34,585,35,1,RED,WR,147,0.83831,2.357023,6,11,5,0.144928,0.077135,1.4375,-1
11,"WR,R,CONVEX",35,586,36,1,RED,WR,287,1.19171,2.160247,5,10,5,0.15873,0.170543,2.047619,-1
11,"WR,R,CONVEX",36,587,37,1,RED,WR,137,0.733245,2.494438,4,10,6,0.181818,0.277778,6.555556,-1
11,"WR,R,CONVEX",37,588,38,1,RED,WR,303,1.312957,2.624669,4,10,6,0.210526,0.03653,1.181818,-1
11,"WR,R,CONVEX",38,589,39,1,BLUE,R,251,1.137965,3.091206,3,10,7,0.27451,0.206897,2.5,-1
11,"WR,R,CONVEX",39,590,40,1,BLUE,R,238,0.880802,3.559026,2,10,8,0.355556,0.302405,3.933333,-1
11,"WR,R,CONVEX",40,591,41,1,BLUE,R,139,0.579744,2.828427,4,10,6,0.222222,0.166667,2.5,-1
11,"WR,R,CONVEX",41,592,42,1,RED,WR,347,1.484366,4.242641,2,11,9,0.4,0.164384,2.285714,-1
11,"WR,R,CONVEX",42,593,43,1,RED,WR,952,3.590836,3.559026,2,10,8,0.253968,0.098039,1.555556,-1
11,"WR,R,CONVEX",43,594,44,1,RED,WR,200,0.952568,2.624669,4,10,6,0.210526,0.052434,1.28,-1
11,"WR,R,CONVEX",44,595,45,1,RED,WR,105,0.579184,3.091206,3,10,7,0.27451,0.333333,5.272727,-1
11,"WR,R,CONVEX",45,596,46,1,RED,WR,343,1.495845,3.559026,2,10,8,0.355556,0.174863,2.6,-1
11,"WR,R,CONVEX",46,597,47,1,RED,WR,551,1.954673,2.94392,3,10,7,0.222222,0.058608,1.307692,-1
11,"WR,R,CONVEX",47,598,48,1,BLUE,R,305,1.322621,2.160247,5,10,5,0.15873,0.264151,4.230769,-1
11,"WR,R,CONVEX",48,599,49,1,RED,WR,193,0.871703,1.699673,6,10,4,0.115942,0.211111,3.375,-1
11,"WR,R,CONVEX",49,600,50,1,RED,WR,297,1.018377,3.559026,2,10,8,0.253968,0.086022,1.5,-1
